<?xml version="1.0" encoding="UTF-8"?>
<project-private xmlns="http://www.netbeans.org/ns/project-private/1">
    <editor-bookmarks xmlns="http://www.netbeans.org/ns/editor-bookmarks/2" lastBookmarkId="0"/>
    <open-files xmlns="http://www.netbeans.org/ns/projectui-open-files/2">
        <group>
            <file>file:/home/bishwa/Documents/AI-3-copy/src/ai/pkg3/HumanFIRAgent.java</file>
            <file>file:/home/bishwa/Documents/AI-3-copy/src/ai/pkg3/Solver.java</file>
            <file>file:/home/bishwa/Documents/AI-3-copy/src/ai/pkg3/FIRGUI.java</file>
            <file>file:/home/bishwa/Documents/AI-3-copy/src/ai/pkg3/FourInARow.java</file>
            <file>file:/home/bishwa/Documents/AI-3-copy/src/ai/pkg3/MinimaxFIRAgent.java</file>
            <file>file:/home/bishwa/Documents/AI-3-copy/src/ai/pkg3/Game.java</file>
            <file>file:/home/bishwa/Documents/AI-3-copy/src/ai/pkg3/Checkers.java</file>
            <file>file:/home/bishwa/Documents/AI-3-copy/src/ai/pkg3/Agent.java</file>
        </group>
    </open-files>
</project-private>
